firstName,lastName,email,password,repeatPwd
Lizeth,Barrows,Melyna_Stark@yahoo.com,y31C8tD5FSi0F7,y31C8tD5FSi0F7
Rhianna,Hayes,Luella.Ferry@hotmail.com,ugkL_Q3BBD,ugkL_Q3BBD
Ines,Franey-Franecki,Santino_Spinka56@hotmail.com,Ub4kOfyTbYyFD,Ub4kOfyTbYyFD
Creola,Boyle,Ernest_Dicki29@hotmail.com,mzJKjLlmV2,mzJKjLlmV2
Astrid,Thompson,Arthur.Hills@gmail.com,UVDBUjSL1,UVDBUjSL1
Tevin,Hermann,Blaze.Jerde45@hotmail.com,VaNEiA0DZpqeJ,VaNEiA0DZpqeJ
Shana,Hermann,Davonte56@gmail.com,GEZCo2Vg4FSsv,GEZCo2Vg4FSsv
Maiya,Abbott,Omari_Bernhard94@yahoo.com,EpujvDWLj,EpujvDWLj
Brandt,Thompson,Lowell_Welch@gmail.com,UoqGarQh7j52d,UoqGarQh7j52d
Maximilian,Abshire,Colby35@yahoo.com,4fXAYfT7QoR,4fXAYfT7QoR
Trisha,Schumm,Sydnie_Kozey97@yahoo.com,MwUaBPjdiV,MwUaBPjdiV
Adrain,Hegmann,Herman.Nicolas-Towne29@hotmail.com,bXHeZWfVSWHIABu,bXHeZWfVSWHIABu
Stephen,Wilkinson,Jessica76@hotmail.com,R1szNJeof,R1szNJeof
Clare,Kuhic,Cynthia39@gmail.com,TWftTngi,TWftTngi
Mollie,Weber,Rigoberto57@gmail.com,OWTgcRNQehfrm3v,OWTgcRNQehfrm3v
Lonzo,Schmitt,Lydia35@yahoo.com,XtSW0UZQy2PS,XtSW0UZQy2PS
Woodrow,Smith,Torrance_Schroeder@hotmail.com,VQCpkzfTO7fJbrJ,VQCpkzfTO7fJbrJ
Retha,Hartmann,Jennings_MacGyver@gmail.com,0HPSrP3RotKE,0HPSrP3RotKE
Wendy,Kertzmann,Josh.Spencer@yahoo.com,afEqGyau9k,afEqGyau9k
Vaughn,Roberts,Tevin97@yahoo.com,fvsyOvCjYYBt,fvsyOvCjYYBt
Luna,Davis,Genevieve.Stroman@gmail.com,vfdOaDytkS,vfdOaDytkS
Leonora,Graham,Jamir.Purdy@yahoo.com,6M28otzav,6M28otzav
Alexzander,Prosacco,Blanche.Heidenreich80@hotmail.com,Kkq4dQKsLotJ,Kkq4dQKsLotJ
Cordie,Little,Gladyce44@gmail.com,SxahtyeFVl,SxahtyeFVl
Yasmin,Runte,Kyleigh9@hotmail.com,2kpd_WtUdYNj,2kpd_WtUdYNj
Chloe,Harris,Elliott_Erdman@yahoo.com,v2CS3grxi,v2CS3grxi
Jazmyn,Reichert,Jeffrey.Emard52@gmail.com,_mQKzr_kADrKf,_mQKzr_kADrKf
Dwight,Ward,Abagail.Hirthe51@yahoo.com,iw0yFoKum4t,iw0yFoKum4t
Esmeralda,Jenkins,Lucy_Stehr@yahoo.com,NQxMp42TrHPf1Vl,NQxMp42TrHPf1Vl
Morton,Brown,Vidal2@yahoo.com,EEA3FuiAPU,EEA3FuiAPU
Rod,Legros,Verner43@hotmail.com,AupkWJXQJfsE,AupkWJXQJfsE
Milton,Flatley,Jacquelyn_Padberg44@yahoo.com,YTBnNHsCy,YTBnNHsCy
Michael,Armstrong,Corrine_McDermott7@hotmail.com,OntO71hJ,OntO71hJ
Israel,Batz,Merlin.Pacocha@gmail.com,eK6AZl_p_g,eK6AZl_p_g
Tamara,Johnston,Syble.Trantow13@yahoo.com,m9c0A1S_AsC,m9c0A1S_AsC
Cassandre,Ratke,Jairo3@yahoo.com,xh6oy07D,xh6oy07D
Kennedi,Torphy,Adonis53@gmail.com,lRWBnRy9T5Uj,lRWBnRy9T5Uj
Thora,Abernathy,Shaniya.Schuster30@yahoo.com,3t90cg45yHKP7Bf,3t90cg45yHKP7Bf
Dayna,Simonis,Colin_Buckridge-Ernser@gmail.com,IIHQw8QeyN,IIHQw8QeyN
Florida,Hammes,Michaela36@hotmail.com,DoR1zVwY0IV,DoR1zVwY0IV
Henderson,Franey,Trycia.Collier@gmail.com,R7v4Zbca0djZH,R7v4Zbca0djZH
Dorothea,Trantow,General_Keeling18@hotmail.com,C6B10EIR,C6B10EIR
Teagan,Kuhlman,Mackenzie.Senger@gmail.com,_3ClrdBQXaCBan,_3ClrdBQXaCBan
Arely,Tremblay,Blaze52@hotmail.com,WQC2ASaGLovIc_I,WQC2ASaGLovIc_I
Hunter,Robel,Liliane.Weber33@gmail.com,qeZWVRPf0yg,qeZWVRPf0yg
Brandy,Rutherford,Pete.Walsh58@yahoo.com,kVn6D4gdC1,kVn6D4gdC1
Jevon,Mayer,Bria.Emard98@gmail.com,eyNPr9ZYguU3t,eyNPr9ZYguU3t
Rickey,Jenkins,Josefina_Schmeler@yahoo.com,TOwLzr1h2,TOwLzr1h2
Davin,Stiedemann,Federico.Herman39@hotmail.com,b1anMTxFCH,b1anMTxFCH
Dejah,Cassin,Richard16@gmail.com,OqoHycyBfWx,OqoHycyBfWx
Roosevelt,Hermiston,Davon.Kutch@hotmail.com,s46aGq1G,s46aGq1G
Otis,Mante,Guy1@gmail.com,DF_RJzNd,DF_RJzNd
Marcelle,Shanahan,Melba44@gmail.com,w3Qi86Uc_,w3Qi86Uc_
Blake,Roberts,Amy.Ryan81@gmail.com,YiqPANz1s,YiqPANz1s
Rhiannon,Parker-Rosenbaum,General.Dickinson@hotmail.com,HG_mR2EOt,HG_mR2EOt
Morton,Rohan,Margaret51@gmail.com,JyTLHs5Dhy,JyTLHs5Dhy
Clay,Hackett,Ruthie.Willms83@yahoo.com,GFwPTPJMOmYp,GFwPTPJMOmYp
Layla,Johnston,Luis.Kuhn@gmail.com,e6HsGsfYQ,e6HsGsfYQ
Dianna,Brakus,Ian81@yahoo.com,tizCA_Yqd,tizCA_Yqd
Rahul,Howell,Dena.Keeling61@hotmail.com,_iVp1L2rGAjBiSY,_iVp1L2rGAjBiSY
Kattie,Torphy,Jason95@gmail.com,p89hgtVP,p89hgtVP
Elissa,Kuhn,Herminio72@hotmail.com,xfoTPpkJpoG_CxY,xfoTPpkJpoG_CxY
Preston,Lesch,Lizeth_Weissnat-Koss@yahoo.com,HKP0nqr_ZBtGAO9,HKP0nqr_ZBtGAO9
George,Homenick,Sasha_OKon@gmail.com,QV_1dS3aIYdwFG,QV_1dS3aIYdwFG
Zelma,Collins,Vidal_Murphy@gmail.com,qoVrBM2pWi4c2L,qoVrBM2pWi4c2L
Roma,Treutel,Vivien15@yahoo.com,5BDc4rU_l,5BDc4rU_l
Florencio,Paucek,Leanna.Maggio@yahoo.com,u3mHM7ladqY,u3mHM7ladqY
Jalyn,Stoltenberg,Aliya33@yahoo.com,yGLxbPSHkWt,yGLxbPSHkWt
Ladarius,Torp,Bradford.Jacobi@hotmail.com,XqRozlTEFyzEh5_,XqRozlTEFyzEh5_
Jessika,Jakubowski,Anastasia.Schiller92@yahoo.com,KdbDDchaXTcAy,KdbDDchaXTcAy
Lilly,Kutch,Larissa20@hotmail.com,hxz6M2I1UcI,hxz6M2I1UcI
Jeffrey,DuBuque-Tillman,Ilene_Padberg60@gmail.com,XH8kvx22Dj,XH8kvx22Dj
Brook,Ebert,Sylvan10@hotmail.com,9nquwzc7NHu,9nquwzc7NHu
Titus,Orn,Chloe.Swaniawski@yahoo.com,NefbnQIJI,NefbnQIJI
Hollis,Kuhic,Renee.Wisozk@gmail.com,9dUws1C5G05,9dUws1C5G05
Marques,Romaguera,Keanu_Harvey@yahoo.com,U6fm8saQlZ5NHI4,U6fm8saQlZ5NHI4
Adriel,Turner,Carolyne.McGlynn@hotmail.com,GGEU7rPnH,GGEU7rPnH
Chanel,Runte,Aditya93@hotmail.com,AmI4V4xyme0BX,AmI4V4xyme0BX
Constantin,Cormier,Durward_Schulist@hotmail.com,VyeljGueOz49,VyeljGueOz49
Telly,Casper,Favian.Emard@gmail.com,L5zPlUQvUVX26,L5zPlUQvUVX26
Kellie,Collier,Mac.Auer@yahoo.com,ivaVcVeo,ivaVcVeo
Melisa,Botsford,Myrtie.Cartwright8@gmail.com,Qhs0nCpA,Qhs0nCpA
Laurine,Aufderhar,Terrell_Stiedemann@gmail.com,Zrvbe2P21TGqF,Zrvbe2P21TGqF
Roma,Spinka,Travis.Lemke@gmail.com,hgsTJ5m2,hgsTJ5m2
Devante,Cummerata,Ellis21@yahoo.com,z2ucXObNE,z2ucXObNE
D'angelo,Stroman,Nico54@gmail.com,8DBtAND9EFFlZQ,8DBtAND9EFFlZQ
Oda,Crona,Rosemarie_Gusikowski@yahoo.com,HicaSu6I4y75,HicaSu6I4y75
Merl,White,Jody_Rohan12@yahoo.com,IPgytsW5AwLRRAd,IPgytsW5AwLRRAd
Newell,Bruen,Alessandra44@yahoo.com,7Ek2KiTC,7Ek2KiTC
Uriel,Rau,Horace.Gulgowski@gmail.com,iWZZ7GvFC9H_1,iWZZ7GvFC9H_1
Emmy,Gerlach,Caroline.King@hotmail.com,8fZ30VXFqGU,8fZ30VXFqGU
Caterina,Fritsch,Mallie38@gmail.com,s4nd5z4Ht,s4nd5z4Ht
Clare,Goyette,Presley39@hotmail.com,pDN1zKOlwegj_XC,pDN1zKOlwegj_XC
Stella,Jakubowski,Edward_Dicki34@yahoo.com,0XqDl2fFLWJW7gB,0XqDl2fFLWJW7gB
Dorcas,Ratke,Jillian.Koch-McDermott53@gmail.com,sNr3KKz2T,sNr3KKz2T
Christop,Bogisich,Shyanne11@gmail.com,iipdRoh1aFQH8C,iipdRoh1aFQH8C
Savanah,Spencer,Delphia_Lehner42@gmail.com,bNBxTfObwLSXJ2b,bNBxTfObwLSXJ2b
Werner,Rogahn,Kayden.Mayer39@gmail.com,bZV8lVfO,bZV8lVfO
Telly,Hermiston,Maximo3@yahoo.com,ZbkMvD1UBZg,ZbkMvD1UBZg
Baylee,Prohaska,Verla_OKon@gmail.com,yo0c6mCqCAx,yo0c6mCqCAx